name,userName
Dani Kotlar,dannykot
Donita Cohen,donitaco
Mordo Shalom,cmshalom
Ofer Shir,ofersh
Itai Sharon,itaish
Ron Sivan,sivanro
Michal Horovitz,horovitzmic
Evgenia Wasserman Pritsker,pritskerevg
Andrey Berger,talabz
Tamar Zemach,tamar
Shlomo Hoory,hoorys
Tal Abziz,talabz
